date,open,high,low,close,volume
2023-06-12,3225.305,3239.437,3210.714,3228.834,31378444400
2023-06-13,3223.896,3235.085,3215.499,3233.673,28062845400
2023-06-14,3238.119,3248.461,3226.774,3228.989,30353726000
2023-06-15,3230.451,3252.975,3229.145,3252.975,31325575200
2023-06-16,3256.299,3276.552,3255.499,3273.334,32628184600
2023-06-19,3271.164,3271.164,3251.779,3255.806,32775304700
2023-06-20,3252.544,3252.844,3237.786,3240.365,29826059600
2023-06-21,3230.114,3236.363,3197.901,3197.901,29437737200
2023-06-26,3177.229,3181.076,3144.248,3150.619,30812981100
2023-06-27,3153.313,3194.409,3148.266,3189.443,28760432700
2023-06-28,3183.487,3192.659,3157.123,3189.376,27623194800
2023-06-29,3185.424,3196.503,3179.525,3182.381,25034007400
2023-06-30,3178.924,3212.993,3177.991,3202.062,26537987300
2023-07-03,3209.162,3246.861,3209.162,3243.975,31237139500
2023-07-04,3241.231,3246.958,3233.99,3245.349,27924872100
2023-07-05,3240.049,3241.835,3218.602,3222.947,26401642600
2023-07-06,3215.863,3229.48,3199.716,3205.575,24611903200
2023-07-07,3197.472,3212.047,3189.211,3196.609,25568846900
2023-07-10,3208.735,3216.535,3192.658,3203.696,23656036700
2023-07-11,3211.122,3221.68,3200.385,3221.367,22760046700
2023-07-12,3220.376,3224.331,3193.437,3196.134,27142338600
2023-07-13,3202.699,3238.468,3202.699,3236.48,27662050800
2023-07-14,3240.97,3248.385,3233.999,3237.701,27332749400
2023-07-17,3219.016,3219.016,3195.886,3209.63,25020837600
2023-07-18,3206.786,3210.248,3190.005,3197.82,23503025900
2023-07-19,3195.009,3204.361,3181.561,3198.836,21735586000
2023-07-20,3201.911,3209.055,3165.674,3169.522,23893289100
2023-07-21,3163.421,3185.636,3157.334,3167.745,22533136300
2023-07-24,3157.469,3178.734,3151.125,3164.161,21659521100
2023-07-25,3201.458,3231.749,3201.458,3231.521,34861771400
2023-07-26,3228.087,3229.892,3212.88,3223.028,31720605100
2023-07-27,3225.476,3245.603,3210.47,3216.671,32711886700
2023-07-28,3206.741,3280.278,3200.994,3275.926,41106843400
2023-07-31,3287.209,3322.129,3281.013,3291.04,45903099400
2023-08-01,3288.76,3305.34,3279.566,3290.949,45989083300
2023-08-02,3281.858,3290.82,3252.304,3261.69,40534149900
2023-08-03,3254.565,3280.864,3247.272,3280.463,38469131700
2023-08-04,3296.094,3315.049,3281.734,3288.084,47092769700
2023-08-07,3276.776,3276.776,3258.537,3268.831,36034148400
2023-08-08,3260.722,3274.519,3246.675,3260.62,31652073300
2023-08-09,3251.152,3257.082,3240.289,3244.487,27121853800
2023-08-10,3242.206,3257.03,3234.116,3254.56,28741214200
2023-08-11,3254.475,3254.475,3189.248,3189.248,33013775000
2023-08-14,3159.714,3180.507,3141.655,3178.427,29984032700
2023-08-15,3180.558,3186.234,3147.346,3176.176,27325192200
2023-08-16,3164.702,3176.626,3149.723,3150.128,28172829200
2023-08-17,3137.351,3167.446,3123.25,3163.739,29469258600
2023-08-18,3165.1,3179.116,3131.953,3131.953,29439035200
2023-08-21,3125.99,3134.957,3092.978,3092.978,26575342300
2023-08-22,3103.781,3126.784,3074.531,3120.334,30931633500
2023-08-23,3116.266,3116.377,3077.606,3078.402,27224412400
2023-08-24,3085.911,3106.182,3072.951,3082.244,30002463700
2023-08-25,3068.615,3085.047,3053.037,3064.075,29334768600
2023-08-28,3219.043,3219.043,3089.119,3098.636,48560776400
2023-08-29,3091.938,3145.761,3090.438,3135.887,39887578000
2023-08-30,3144.407,3153.689,3126.902,3137.138,34751186700
2023-08-31,3134.553,3139.98,3113.946,3119.876,31344824200
2023-09-01,3126.023,3143.846,3123.19,3133.247,29231099200
2023-09-04,3145.944,3177.06,3143.379,3177.06,36639114000
2023-09-05,3169.738,3169.738,3150.075,3154.369,29406184900
2023-09-06,3147.136,3162.155,3136.9,3158.077,26700223000
2023-09-07,3152.203,3152.266,3120.823,3122.352,26926473300
2023-09-08,3114.23,3126.041,3104.674,3116.719,22812506400
2023-09-11,3119.61,3155.103,3113.816,3142.779,29044291700
2023-09-12,3140.341,3147.514,3134.318,3137.059,23467205100
2023-09-13,3137.772,3143.758,3106.969,3123.067,24970103800
2023-09-14,3124.848,3135.025,3111.859,3126.551,26399013800
2023-09-15,3133.588,3141.964,3107.448,3117.743,29202636500
2023-09-18,3110.44,3128.701,3098.496,3125.932,25944425700
2023-09-19,3123.986,3131.13,3113.525,3124.957,25365276100
2023-09-20,3118.667,3122.128,3108.158,3108.568,22812446200
2023-09-21,3103.175,3113.494,3084.701,3084.701,22865910000
2023-09-22,3084.757,3132.558,3078.801,3132.432,28597835100
2023-09-25,3131.208,3131.208,3112.151,3115.607,25807188500
2023-09-26,3114.021,3120.289,3102.273,3102.273,22264431300
2023-09-27,3104.04,3125.447,3103.844,3107.316,24049583000
2023-09-28,3117.755,3121.835,3105.94,3110.475,23632998100
2023-10-09,3100.0,3103.36,3072.642,3096.922,26442220500
2023-10-10,3104.365,3109.982,3073.186,3075.236,25532737900
2023-10-11,3085.699,3095.659,3071.936,3078.956,25991869200
2023-10-12,3101.705,3109.99,3092.177,3107.901,27482799800
2023-10-13,3091.997,3094.915,3080.548,3088.099,25508523500
2023-10-16,3091.065,3091.126,3063.686,3073.813,26388236300
2023-10-17,3076.428,3084.073,3064.89,3083.496,25901958800
2023-10-18,3076.58,3076.58,3057.059,3058.71,26864715500
2023-10-19,3043.196,3043.196,3004.775,3005.393,30403891000
2023-10-20,2995.358,3006.275,2977.173,2983.059,26711359400
2023-10-23,2969.786,2973.661,2923.511,2939.291,27890412800
2023-10-24,2944.311,2964.761,2929.088,2962.244,31098538900
2023-10-25,2986.407,2993.295,2972.418,2974.114,33239200400
2023-10-26,2960.104,2990.328,2956.006,2988.299,29181451100
2023-10-27,2978.403,3029.21,2974.88,3017.784,32180371700
2023-10-30,3009.61,3028.264,3002.348,3021.553,36060423800
2023-10-31,3019.646,3023.001,3006.609,3018.771,31985996700
2023-11-01,3038.182,3038.33,3013.933,3023.077,28011044500
2023-11-02,3028.665,3038.642,3009.121,3009.406,26879458100
2023-11-03,3012.465,3040.981,3012.465,3030.798,26848634700
2023-11-06,3047.13,3058.989,3037.694,3058.411,37294963000
2023-11-07,3052.92,3064.577,3042.469,3057.27,32685345500
2023-11-08,3051.153,3062.991,3037.289,3052.373,33567783400
2023-11-09,3047.653,3063.467,3045.834,3053.279,31562176400
2023-11-10,3043.559,3044.001,3027.088,3038.97,28554649700
2023-11-13,3044.032,3048.621,3028.168,3046.533,29043058800
2023-11-14,3046.817,3059.529,3044.426,3056.07,29484473300
2023-11-15,3077.029,3080.128,3064.346,3072.835,30425010700
2023-11-16,3066.855,3071.452,3050.926,3050.926,27107946000
2023-11-17,3043.617,3055.856,3033.747,3054.366,26760639300
2023-11-20,3056.927,3072.513,3043.515,3068.319,28755699800
2023-11-21,3074.828,3089.774,3063.345,3067.933,33073310200
2023-11-22,3060.498,3067.963,3043.611,3043.611,28905649000
2023-11-23,3041.678,3062.867,3034.297,3061.856,27659205900
2023-11-24,3060.331,3060.331,3037.201,3040.972,28778841300
2023-11-27,3038.186,3038.358,3015.008,3031.7,31051786800
2023-11-28,3028.598,3039.695,3020.231,3038.555,26892074600
2023-11-29,3038.464,3038.977,3017.661,3021.687,27795644800
2023-11-30,3021.103,3030.909,3013.768,3029.673,28294535700
2023-12-01,3027.353,3035.76,3010.233,3031.636,28608970000
2023-12-04,3033.298,3038.979,3022.348,3022.914,28816205300
2023-12-05,3017.01,3017.01,2972.296,2972.296,29394327800
2023-12-06,2966.948,2985.314,2959.603,2968.933,29410418700
2023-12-07,2965.652,2976.015,2949.144,2966.206,29624368700
2023-12-08,2965.39,2980.834,2962.327,2969.559,36913870500
2023-12-11,2956.291,2995.67,2930.422,2991.439,36021634400
2023-12-12,2986.328,3003.746,2980.446,3003.438,28763876200
2023-12-13,2997.336,2997.336,2968.761,2968.761,28275409800
2023-12-14,2979.699,2986.177,2958.066,2958.986,27145765000
2023-12-15,2966.302,2976.309,2940.027,2942.557,28932764200
2023-12-18,2936.575,2951.148,2924.325,2930.804,29308699900
2023-12-19,2928.763,2940.501,2914.125,2932.391,26592698000
2023-12-20,2932.119,2937.101,2902.04,2902.11,26556245400
2023-12-21,2892.02,2924.256,2882.02,2918.715,28254182700
2023-12-22,2919.288,2935.7,2906.509,2914.775,29662836700
2023-12-25,2909.875,2920.632,2903.987,2918.813,22981417800
2023-12-26,2917.971,2917.971,2892.837,2898.879,22814085500
2023-12-27,2900.149,2917.956,2890.165,2914.614,24790088200
2023-12-28,2913.11,2961.648,2909.389,2954.704,33921311600
2023-12-29,2950.837,2975.032,2950.017,2974.935,29067268700
2024-01-02,2972.775,2976.268,2962.276,2962.276,30414179300
2024-01-03,2957.112,2971.283,2953.29,2967.247,28545594500
2024-01-04,2965.509,2966.683,2936.635,2954.349,26498092400
2024-01-05,2949.822,2967.968,2916.721,2929.183,30104023900
2024-01-08,2923.457,2924.456,2887.538,2887.538,27027505500
2024-01-09,2887.11,2900.727,2878.412,2893.251,26295597500
2024-01-10,2886.981,2903.162,2870.416,2877.702,24404652600
2024-01-11,2873.798,2896.179,2867.722,2886.65,26705076400
2024-01-12,2880.04,2904.174,2878.875,2881.977,26160293100
2024-01-15,2872.556,2904.464,2869.224,2886.291,24461123600
2024-01-16,2881.56,2896.683,2861.13,2893.989,28628671400
2024-01-17,2887.292,2887.489,2833.615,2833.615,26125130800
2024-01-18,2822.667,2849.256,2760.978,2845.784,39039685500
2024-01-19,2836.975,2849.876,2822.843,2832.279,26666438800
2024-01-22,2826.503,2828.32,2735.372,2756.34,35016575800
2024-01-23,2746.892,2784.841,2724.157,2770.976,30874941700
2024-01-24,2782.142,2823.695,2743.397,2820.772,36907060000
2024-01-25,2823.826,2906.794,2821.709,2906.109,44200904500
2024-01-26,2897.915,2924.307,2890.482,2910.223,42110908400
2024-01-29,2910.607,2923.899,2883.333,2883.356,41058131100
2024-01-30,2866.28,2881.347,2829.25,2830.527,33566122600
2024-01-31,2815.504,2834.011,2782.587,2788.548,37710396500
2024-02-01,2773.424,2805.015,2752.782,2770.74,35288918500
2024-02-02,2773.295,2791.676,2666.334,2730.152,42623019900
2024-02-05,2716.081,2739.738,2635.09,2702.185,47899029200
2024-02-06,2680.485,2802.931,2669.673,2789.486,50284931300
2024-02-07,2791.515,2829.696,2770.529,2829.696,54711743900
2024-02-08,2832.486,2867.474,2827.902,2865.903,53110889300
2024-02-19,2886.587,2910.544,2867.71,2910.544,45896770400
2024-02-20,2902.877,2927.308,2887.474,2922.73,35013873500
2024-02-21,2906.024,2994.615,2898.05,2950.956,44424546300
2024-02-22,2945.447,2988.358,2944.499,2988.358,35413253600
2024-02-23,2992.912,3009.136,2979.973,3004.881,38008327000
2024-02-26,3002.118,3009.479,2967.057,2977.022,40902655800
2024-02-27,2966.417,3015.481,2961.148,3015.481,37298468700
2024-02-28,3016.256,3031.488,2957.852,2957.852,54410909300
2024-02-29,2943.624,3015.171,2943.624,3015.171,40969637400
2024-03-01,3013.823,3032.232,3003.763,3027.02,37913218400
2024-03-04,3026.607,3040.345,3007.683,3039.306,38776000200
2024-03-05,3027.103,3052.541,3022.178,3047.793,38350995500
2024-03-06,3041.752,3060.563,3034.354,3039.931,34098273900
2024-03-07,3040.211,3063.692,3023.118,3027.401,37715439100
2024-03-08,3026.165,3049.194,3016.903,3046.019,31920439200
2024-03-11,3042.619,3068.455,3035.445,3068.455,36160882100
2024-03-12,3068.182,3075.131,3044.857,3055.935,41574391400
2024-03-13,3053.341,3061.951,3031.899,3043.835,36504745300
2024-03-14,3042.413,3059.998,3020.637,3038.234,36407229000
2024-03-15,3031.523,3056.447,3023.215,3054.636,36026846300
2024-03-18,3057.209,3085.312,3055.922,3084.926,40665350800
2024-03-19,3077.981,3090.046,3062.628,3062.756,38412368000
2024-03-20,3058.648,3081.755,3056.645,3079.686,34918772900
2024-03-21,3084.412,3090.051,3069.272,3077.113,36687796800
2024-03-22,3070.548,3073.206,3027.762,3048.034,39474048600
2024-03-25,3040.501,3065.261,3026.306,3026.306,38748538900
2024-03-26,3026.922,3036.494,3006.26,3031.481,34592878700
2024-03-27,3026.814,3030.45,2993.139,2993.139,34319801000
2024-03-28,2988.59,3033.367,2984.12,3010.664,35320002600
2024-03-29,3008.376,3041.298,3008.167,3041.167,33482278500
2024-04-01,3049.021,3078.488,3049.021,3077.379,37539364000
2024-04-02,3076.875,3085.537,3063.981,3074.959,36730426200
2024-04-03,3074.893,3079.02,3057.397,3069.296,36321138000
2024-04-08,3057.326,3077.351,3045.469,3047.053,40293674000
2024-04-09,3044.614,3051.585,3033.209,3048.537,33348996500
2024-04-10,3045.961,3049.607,3013.59,3027.335,34899172100
2024-04-11,3013.573,3050.337,3009.897,3034.246,34089439200
2024-04-12,3035.577,3043.56,3014.83,3019.474,33422977100
2024-04-15,3013.672,3066.941,2995.542,3057.378,46123924400
2024-04-16,3043.551,3052.435,3005.34,3007.068,44807047300
2024-04-17,3008.061,3071.381,3002.056,3071.381,41335836800
2024-04-18,3060.031,3102.553,3057.761,3074.225,41632134900
2024-04-19,3060.299,3080.323,3055.058,3065.261,37554385500
2024-04-22,3059.065,3078.423,3042.542,3044.595,35721639900
2024-04-23,3038.612,3044.944,3016.517,3021.978,32559512800
2024-04-24,3029.403,3045.64,3019.124,3044.822,30526409300
2024-04-25,3037.927,3060.264,3034.65,3052.9,29228014800
2024-04-26,3054.979,3092.43,3054.979,3088.636,43938256300
2024-04-29,3086.682,3119.686,3080.586,3113.043,50692544500
2024-04-30,3110.159,3123.288,3104.294,3104.825,44021321300
2024-05-06,3132.512,3142.382,3126.769,3140.72,45065689900
2024-05-07,3139.664,3151.219,3133.69,3147.738,37910256400
2024-05-08,3141.487,3144.986,3126.173,3128.48,33400032000
2024-05-09,3128.164,3158.465,3128.164,3154.32,36088146200
2024-05-10,3158.589,3163.144,3137.152,3154.547,38428749500
2024-05-13,3139.475,3157.366,3126.17,3148.021,39703056500
2024-05-14,3148.849,3155.807,3137.609,3145.774,34352619400
2024-05-15,3141.252,3142.973,3117.929,3119.902,32102796200
2024-05-16,3127.184,3137.878,3116.163,3122.401,36741736100
2024-05-17,3121.713,3154.026,3116.784,3154.026,38391524400
2024-05-20,3156.148,3174.266,3155.99,3171.145,42686728000
2024-05-21,3164.683,3165.224,3148.342,3157.966,33578357200
2024-05-22,3157.189,3166.919,3152.457,3158.54,35409808200
2024-05-23,3149.875,3150.628,3110.277,3116.387,35394372700
2024-05-24,3110.753,3130.425,3087.794,3088.871,30653227900
2024-05-27,3094.14,3125.506,3091.989,3124.043,31939676500
2024-05-28,3122.388,3130.31,3106.365,3109.572,31006697400
2024-05-29,3108.027,3128.137,3100.98,3111.018,28997034600
2024-05-30,3103.708,3121.218,3085.384,3091.678,30238076200
2024-05-31,3094.759,3107.604,3086.813,3086.813,27607281600
2024-06-03,3085.981,3097.204,3061.277,3078.489,35756336200
2024-06-04,3071.32,3095.322,3063.588,3091.199,30928759800
2024-06-05,3086.051,3092.346,3064.736,3065.403,29054234400
2024-06-06,3069.439,3077.673,3040.83,3048.794,36986710400
2024-06-07,3053.915,3065.025,3031.044,3051.279,31634248400
2024-06-11,3042.134,3043.2,3013.861,3028.045,31048194200
2024-06-12,3025.296,3042.042,3021.309,3037.468,27945210600
2024-06-13,3038.086,3040.402,3022.822,3028.919,29786246300
2024-06-14,3020.959,3037.905,3011.577,3032.633,34874675300
2024-06-17,3017.717,3026.624,3012.045,3015.891,29576344800
2024-06-18,3015.071,3031.976,3012.523,3030.246,27362599900
2024-06-19,3029.099,3030.226,3015.326,3018.049,26129624800
2024-06-20,3015.722,3028.514,3001.768,3005.437,29551590700
2024-06-21,2998.241,3011.914,2985.929,2998.138,25500125100
2024-06-24,2982.826,2990.643,2960.127,2963.099,29865388400
2024-06-25,2962.765,2971.653,2935.538,2949.996,27320993800
2024-06-26,2943.447,2976.669,2933.33,2972.525,28238840900
2024-06-27,2962.696,2963.064,2944.898,2945.852,27054851900
2024-06-28,2940.303,2985.468,2939.984,2967.403,31520143200
2024-07-01,2965.245,2996.409,2961.856,2994.73,29778223500
2024-07-02,2992.856,3004.987,2989.47,2997.011,28136468300
2024-07-03,2995.664,2998.537,2978.069,2982.376,24628464200
2024-07-04,2984.83,2995.57,2955.29,2957.567,27426878900
2024-07-05,2954.372,2957.107,2920.205,2949.933,27232455600
2024-07-08,2939.837,2947.61,2917.232,2922.45,27753342400
2024-07-09,2919.573,2963.782,2904.039,2959.372,31506203100
2024-07-10,2949.026,2958.859,2935.33,2939.364,30154945600
2024-07-11,2957.25,2971.361,2947.403,2970.387,32837242400
2024-07-12,2965.612,2977.142,2963.303,2971.295,30371301400
2024-07-15,2963.847,2977.313,2959.129,2974.011,26899259700
2024-07-16,2963.9,2977.361,2959.666,2976.304,26078363000
2024-07-17,2970.808,2972.795,2957.948,2962.855,28230799100
2024-07-18,2951.143,2978.092,2937.905,2977.133,27802266500
2024-07-19,2963.514,2986.243,2955.12,2982.309,28093241300
2024-07-22,2978.193,2978.601,2946.561,2964.216,27874955900
2024-07-23,2960.5,2960.5,2915.368,2915.369,29629599400
2024-07-24,2909.152,2922.03,2894.289,2901.952,30611885300
2024-07-25,2891.892,2897.767,2872.85,2886.742,27463950000
2024-07-26,2885.995,2899.116,2875.396,2890.897,27838753600
2024-07-29,2889.473,2898.951,2878.583,2891.845,25689972700
2024-07-30,2885.215,2885.215,2865.149,2879.3,26247883700
2024-07-31,2877.541,2940.593,2876.301,2938.749,41272341700
2024-08-01,2940.12,2947.877,2928.826,2932.387,34662113700
2024-08-02,2913.02,2931.259,2902.72,2905.338,31220503900
2024-08-05,2889.363,2919.025,2860.698,2860.698,35554057200
2024-08-06,2878.651,2888.201,2845.335,2867.284,29730080300
2024-08-07,2864.01,2886.942,2857.725,2869.834,26309715000
2024-08-08,2864.758,2886.399,2850.875,2869.901,28912863200
2024-08-09,2879.873,2887.849,2862.194,2862.194,28425391600
2024-08-12,2858.895,2869.269,2851.295,2858.205,24424137100
2024-08-13,2860.41,2867.946,2845.31,2867.946,23167460100
2024-08-14,2866.243,2866.243,2850.401,2850.654,21788517000
2024-08-15,2844.201,2889.087,2839.388,2877.358,27190000000
2024-08-16,2877.94,2888.675,2873.06,2879.43,26365344100
2024-08-19,2877.954,2905.155,2877.771,2893.674,26168773000
2024-08-20,2895.551,2896.519,2855.329,2866.661,26365800200
2024-08-21,2858.939,2863.891,2848.151,2856.584,22920002700
2024-08-22,2856.2,2861.607,2845.502,2848.772,24539941500
2024-08-23,2844.77,2860.733,2839.337,2854.368,22669256500
2024-08-26,2855.474,2860.655,2844.383,2855.52,22735152300
2024-08-27,2850.877,2853.78,2843.158,2848.731,23069300600
2024-08-28,2844.327,2852.562,2830.962,2837.429,22873062300
2024-08-29,2829.451,2831.431,2815.383,2823.106,27751053400
2024-08-30,2819.65,2867.965,2817.014,2842.214,39751697500
2024-09-02,2832.35,2839.278,2810.374,2811.035,34071419300
2024-09-03,2809.173,2814.903,2794.911,2802.979,27573613900
2024-09-04,2786.505,2800.607,2781.935,2784.278,25745350000
2024-09-05,2785.264,2796.019,2777.471,2788.314,24204094800
2024-09-06,2791.765,2804.093,2765.639,2765.807,25364537500
2024-09-09,2754.724,2756.556,2726.967,2736.488,26146884700
2024-09-10,2737.881,2750.118,2718.627,2744.192,26215901500
2024-09-11,2732.731,2732.731,2710.621,2721.795,24226490000
2024-09-12,2722.138,2734.683,2716.555,2717.123,24008431500
2024-09-13,2718.986,2728.78,2703.369,2704.09,25127003800
2024-09-18,2705.345,2724.114,2689.695,2717.281,24781713200
2024-09-19,2723.205,2747.74,2697.776,2736.022,31520838900
2024-09-20,2734.228,2741.155,2717.945,2736.814,28564462700
2024-09-23,2735.39,2760.48,2731.357,2748.918,25764215400
2024-09-24,2770.754,2863.152,2761.372,2863.126,47761954500
2024-09-25,2901.419,2952.451,2889.048,2896.306,56825981600
2024-09-26,2893.745,3000.953,2889.014,3000.953,57631926100
2024-09-27,3049.103,3087.529,3017.445,3087.529,49228716300
2024-09-30,3194.722,3358.588,3153.697,3336.497,110233791700
2024-10-08,3674.405,3674.405,3372.187,3489.775,131346019500
2024-10-09,3427.22,3437.157,3249.159,3258.858,99275725600
2024-10-10,3277.692,3379.805,3228.125,3301.926,83450025700
2024-10-11,3287.873,3297.752,3187.988,3217.738,60602743300
2024-10-14,3241.428,3294.62,3203.901,3284.323,63146685900
2024-10-15,3265.746,3285.215,3201.292,3201.292,56605455800
2024-10-16,3169.169,3236.848,3167.736,3202.948,51581399700
2024-10-17,3220.733,3241.568,3169.384,3169.384,52861177200
2024-10-18,3165.975,3313.978,3152.821,3261.563,69301462300
2024-10-21,3276.06,3300.664,3239.097,3268.11,66815029900
2024-10-22,3263.822,3294.961,3255.138,3285.867,57491378100
2024-10-23,3285.247,3331.082,3277.066,3302.803,65044412800
2024-10-24,3287.824,3292.945,3266.882,3280.263,51982707400
2024-10-25,3280.762,3319.357,3276.13,3299.7,59565170700
2024-10-28,3300.463,3322.198,3279.715,3322.198,67237313100
2024-10-29,3328.089,3340.458,3284.211,3286.407,72532615400
2024-10-30,3273.642,3291.68,3244.806,3266.238,66901809000
2024-10-31,3267.975,3295.742,3252.39,3279.824,78464909400
2024-11-01,3275.577,3305.318,3258.735,3272.014,85205532000
2024-11-04,3275.679,3310.207,3263.842,3310.207,66507745400
2024-11-05,3306.81,3386.987,3302.047,3386.987,82112490200
2024-11-06,3395.222,3420.999,3367.081,3383.806,89585593000
2024-11-07,3359.985,3470.661,3356.258,3470.661,95955668000
2024-11-08,3502.133,3509.818,3443.193,3452.297,96403456200
2024-11-11,3432.367,3471.122,3416.727,3470.066,81802543600
2024-11-12,3469.891,3489.424,3402.042,3421.97,81792652400
2024-11-13,3406.916,3442.298,3404.525,3439.278,67366234800
2024-11-14,3429.505,3441.775,3376.153,3379.839,63155669000
2024-11-15,3369.809,3391.32,3330.726,3330.726,63028558300
2024-11-18,3344.69,3386.903,3309.008,3323.849,74395069200
2024-11-19,3324.883,3346.758,3284.133,3346.01,62502415100
2024-11-20,3337.678,3375.248,3333.002,3367.989,56615428900
2024-11-21,3362.944,3378.518,3348.855,3370.404,53033183000
2024-11-22,3368.043,3372.003,3267.192,3267.192,63068779000
2024-11-25,3274.884,3285.456,3232.918,3263.76,53889739000
2024-11-26,3256.858,3285.328,3252.866,3259.757,47221930400
2024-11-27,3250.591,3309.881,3227.355,3309.779,51120230300
2024-11-28,3308.28,3319.256,3290.364,3295.698,51195304700
2024-11-29,3295.21,3357.501,3293.69,3326.456,58022710200
2024-12-02,3328.482,3369.303,3323.009,3363.982,66847776200
2024-12-03,3366.285,3386.618,3348.374,3378.806,66303013900
2024-12-04,3376.572,3388.024,3352.943,3364.65,62102886200
2024-12-05,3353.057,3377.055,3353.057,3368.855,54388574600
2024-12-06,3370.941,3418.261,3364.206,3404.076,69818657200
2024-12-09,3402.629,3426.645,3385.959,3402.534,69490520500
2024-12-10,3490.289,3494.867,3417.765,3422.661,79466803400
2024-12-11,3416.087,3437.81,3416.087,3432.49,68154461000
2024-12-12,3432.279,3464.116,3425.976,3461.5,70009668900
2024-12-13,3442.926,3442.926,3390.754,3391.878,77746414400
2024-12-16,3390.083,3401.926,3376.536,3386.331,62557899600
2024-12-17,3381.814,3396.207,3357.769,3361.485,56894150500
2024-12-18,3371.296,3396.46,3371.296,3382.208,51252497900
2024-12-19,3355.904,3377.532,3346.469,3370.033,51390906300
2024-12-20,3364.481,3390.618,3362.819,3368.069,49096462100
2024-12-23,3367.904,3384.992,3348.277,3351.257,55674724800
2024-12-24,3353.535,3394.904,3352.947,3393.528,47199267300
2024-12-25,3395.107,3406.213,3374.011,3393.35,47131559200
2024-12-26,3389.338,3401.095,3380.255,3398.077,42217727100
2024-12-27,3397.294,3418.952,3388.322,3400.142,50048813000
2024-12-30,3395.396,3412.841,3394.965,3407.326,45526238300
2024-12-31,3406.965,3413.455,3351.763,3351.763,50273106200
2025-01-02,3347.939,3351.722,3242.087,3262.561,56137519900
2025-01-03,3267.077,3273.566,3205.776,3211.43,51759201400
2025-01-06,3209.783,3219.488,3185.463,3206.923,43097840300
2025-01-07,3203.307,3230.853,3190.461,3229.644,40966052900
2025-01-08,3218.858,3246.291,3175.725,3230.168,47286439000
2025-01-09,3220.721,3228.973,3205.91,3211.393,38294355700
2025-01-10,3211.707,3220.107,3168.524,3168.524,40366334800
2025-01-13,3148.826,3172.7,3140.978,3160.755,37274202300
2025-01-14,3165.161,3245.22,3159.432,3240.94,46921270400
2025-01-15,3234.715,3245.904,3222.236,3227.117,40472319900
2025-01-16,3239.026,3265.282,3217.097,3236.032,43065553900
2025-01-17,3226.762,3256.507,3219.773,3241.821,38359926000
2025-01-20,3256.149,3268.263,3238.121,3244.378,40333794800
2025-01-21,3256.833,3258.61,3229.069,3242.623,38458371800
2025-01-22,3235.493,3235.501,3203.38,3213.624,36481751800
2025-01-23,3237.599,3273.52,3229.572,3230.164,45824680300
2025-01-24,3222.877,3260.011,3221.712,3252.626,39865303300
2025-01-27,3256.614,3274.392,3250.601,3250.601,38746764200
2025-02-05,3270.16,3271.022,3220.279,3229.488,40638818100
2025-02-06,3226.575,3271.427,3225.846,3270.659,46084273000
2025-02-07,3269.227,3324.428,3262.509,3303.667,60055845100
2025-02-10,3308.04,3325.356,3299.243,3322.17,54658974900
2025-02-11,3323.669,3324.173,3304.444,3318.057,51194354100
2025-02-12,3312.257,3346.385,3310.39,3346.385,51343782800
2025-02-13,3343.235,3359.181,3332.483,3332.483,56863116100
2025-02-14,3328.483,3349.084,3322.529,3346.724,53233296500
2025-02-17,3355.417,3357.121,3333.195,3355.83,58954656900
2025-02-18,3348.983,3366.012,3314.301,3324.491,56267924000
2025-02-19,3320.78,3352.087,3320.581,3351.539,50291296500
2025-02-20,3347.589,3355.557,3338.034,3350.783,50435711400
2025-02-21,3356.695,3381.058,3339.026,3379.113,60819020600
2025-02-24,3374.081,3384.811,3355.869,3373.028,59818820300
2025-02-25,3345.653,3369.558,3337.845,3346.04,52757856200
2025-02-26,3351.209,3380.214,3351.209,3380.214,55399203100
2025-02-27,3378.449,3388.781,3353.571,3388.062,57581502000
2025-02-28,3374.664,3383.191,3318.716,3320.897,56831950400
2025-03-03,3328.396,3349.017,3304.593,3316.925,50241786200
2025-03-04,3300.498,3327.824,3297.53,3324.21,42999611100
2025-03-05,3324.696,3342.714,3314.148,3341.965,46095269600
2025-03-06,3353.57,3387.054,3348.684,3381.098,53999270900
2025-03-07,3373.181,3390.944,3363.929,3372.546,51766355100
2025-03-10,3373.259,3375.798,3347.186,3366.163,45038083200
2025-03-11,3335.439,3379.829,3334.831,3379.828,44846832300
2025-03-12,3385.685,3392.409,3370.22,3371.924,50219510000
2025-03-13,3371.095,3377.118,3341.118,3358.729,51901347900
2025-03-14,3361.686,3421.233,3360.606,3419.562,58266338800
2025-03-17,3430.809,3436.352,3422.462,3426.129,51568513800
2025-03-18,3434.565,3437.065,3423.301,3429.759,45491606300
2025-03-19,3424.173,3439.046,3414.593,3426.429,44031629900
2025-03-20,3425.216,3427.045,3404.662,3408.948,45163068200
2025-03-21,3401.759,3414.709,3355.84,3364.831,52086263000
2025-03-24,3364.834,3373.694,3340.238,3370.028,51331026000
2025-03-25,3370.001,3379.988,3361.046,3369.976,45635739300
2025-03-26,3365.666,3382.342,3365.666,3368.697,42853377000
2025-03-27,3362.712,3394.035,3351.174,3373.749,41477631400
2025-03-28,3372.039,3375.053,3346.081,3351.307,41228428900
2025-03-31,3343.344,3361.742,3317.738,3335.746,47257197800
2025-04-01,3340.712,3357.622,3338.779,3348.435,42258867000
2025-04-02,3344.171,3361.134,3343.116,3350.127,35012736400
2025-04-03,3319.606,3358.426,3319.606,3342.008,40051782700
2025-04-07,3193.102,3217.782,3040.693,3096.576,66219958400
2025-04-08,3094.262,3145.549,3085.123,3145.549,66224238700
2025-04-09,3110.01,3186.81,3070.078,3186.81,68479717400
2025-04-10,3227.836,3239.941,3201.571,3223.638,59120827300
2025-04-11,3219.505,3249.854,3211.35,3238.227,47553180400
2025-04-14,3251.978,3272.72,3244.733,3262.808,47137322000
2025-04-15,3260.685,3268.985,3246.337,3267.662,39666289500
2025-04-16,3267.665,3276.005,3233.791,3276.004,42953485400
2025-04-17,3261.718,3285.915,3258.145,3280.341,38201269800
2025-04-18,3270.353,3283.09,3262.392,3276.73,35883619300
2025-04-21,3273.138,3298.64,3270.013,3291.434,37930758800
2025-04-22,3289.166,3311.153,3288.332,3299.757,40316761500
2025-04-23,3308.151,3312.192,3293.063,3296.355,41163321200
2025-04-24,3295.149,3313.509,3286.236,3297.288,39284474900
2025-04-25,3300.392,3305.262,3288.755,3295.06,41104319200
2025-04-28,3292.056,3296.932,3279.877,3288.415,41066586300
2025-04-29,3281.445,3294.982,3277.627,3286.655,38896167200
2025-04-30,3284.081,3292.2,3277.55,3279.031,43579433500
2025-05-06,3295.25,3316.448,3286.989,3316.114,47436961700
2025-05-07,3354.974,3356.688,3324.809,3342.665,51115960600
2025-05-08,3331.205,3359.731,3327.902,3351.996,42837776600
2025-05-09,3350.405,3351.22,3335.127,3341.999,39890919100
2025-05-12,3352.97,3372.472,3344.269,3369.245,41823991000
2025-05-13,3386.234,3386.234,3370.252,3374.871,42624070000
2025-05-14,3374.235,3417.314,3368.078,3403.948,46493444100
2025-05-15,3398.427,3402.866,3378.021,3380.821,42410091600
2025-05-16,3374.706,3380.29,3356.661,3367.462,39540103000
2025-05-19,3365.882,3373.599,3356.648,3367.583,40307480500
2025-05-20,3371.689,3387.804,3369.963,3380.478,40554453400
2025-05-21,3380.209,3394.754,3380.209,3387.574,41249616500
2025-05-22,3381.865,3390.593,3376.233,3380.189,39421720600
2025-05-23,3376.869,3389.469,3348.372,3348.372,40022700400
2025-05-26,3346.561,3362.307,3336.355,3346.839,34756210100
2025-05-27,3346.503,3351.572,3332.49,3340.687,34407115700
2025-05-28,3341.852,3348.234,3336.727,3339.932,34155544300
2025-05-29,3340.401,3368.633,3337.415,3363.446,39323380600
2025-05-30,3358.809,3361.275,3341.648,3347.487,38560217000
2025-06-03,3340.067,3366.997,3340.067,3361.976,39806077200
2025-06-04,3363.391,3379.64,3363.391,3376.203,38649464300
2025-06-05,3378.217,3387.765,3371.146,3384.099,40625209300
2025-06-06,3384.295,3391.451,3379.764,3385.358,38012288600
2025-06-09,3388.778,3402.05,3383.074,3399.772,42734794700
2025-06-10,3402.013,3406.452,3365.667,3384.816,48161856800
2025-06-11,3385.457,3413.513,3385.457,3402.316,42409031300
2025-06-12,3397.972,3408.205,3388.866,3402.658,40949061000
2025-06-13,3397.484,3401.553,3370.592,3376.996,51006522100
2025-06-16,3369.366,3389.756,3368.876,3388.729,40538327800
2025-06-17,3388.18,3393.313,3376.42,3387.405,39001244700
2025-06-18,3386.136,3391.709,3369.986,3388.809,37868489100
2025-06-19,3384.293,3386.919,3353.936,3362.108,41532765500
2025-06-20,3358.913,3370.798,3357.706,3359.895,35022366200
2025-06-23,3349.46,3389.452,3347.651,3381.582,38456139700
2025-06-24,3380.08,3423.784,3380.08,3420.566,46096380000
2025-06-25,3419.091,3459.009,3417.411,3455.974,50938406400
2025-06-26,3451.719,3462.752,3446.186,3448.453,49654107700
2025-06-27,3450.686,3462.627,3421.04,3424.227,52312943200
2025-06-30,3423.474,3447.46,3420.112,3444.426,45734804900
2025-07-01,3445.846,3459.587,3441.038,3457.747,44435673900
2025-07-02,3458.171,3461.328,3447.956,3454.792,49811677600
2025-07-03,3456.152,3463.62,3446.974,3461.151,43854346500
2025-07-04,3459.592,3497.225,3455.494,3472.319,50019521000
2025-07-07,3467.985,3474.801,3462.792,3473.127,43663134000
2025-07-08,3474.632,3499.886,3474.632,3497.475,49348477300
2025-07-09,3498.724,3512.669,3491.201,3493.05,52392008800
2025-07-10,3491.497,3526.59,3491.497,3509.682,56415980500
2025-07-11,3511.366,3555.218,3506.799,3510.177,66418524900
2025-07-14,3513.252,3532.118,3513.252,3519.65,57208470500
2025-07-15,3519.805,3527.038,3483.38,3504.999,57207472600
2025-07-16,3502.899,3511.806,3489.137,3503.777,47087857800
2025-07-17,3500.372,3517.285,3499.186,3516.826,47221105600
2025-07-18,3519.475,3536.014,3518.231,3534.483,49348408800
2025-07-21,3542.816,3560.629,3542.568,3559.791,63364973600
2025-07-22,3561.632,3584.719,3547.252,3581.861,71615523000
2025-07-23,3588.878,3613.022,3577.594,3582.298,76767238800
2025-07-24,3578.912,3608.728,3577.113,3605.727,77326583500
2025-07-25,3604.451,3610.029,3586.22,3593.655,69718954900
2025-07-28,3594.231,3606.274,3582.149,3597.937,59418787700
2025-07-29,3595.81,3611.353,3585.944,3609.711,61064205800
2025-07-30,3608.354,3636.166,3593.734,3615.717,63722191600
2025-07-31,3604.696,3606.374,3562.607,3573.208,65450934900
2025-08-01,3568.261,3581.746,3550.043,3559.952,50956308000
2025-08-04,3547.163,3583.309,3547.163,3583.309,45857361800
2025-08-05,3588.808,3617.598,3586.969,3617.598,49979778000
2025-08-06,3615.808,3634.314,3613.989,3633.995,51246727300
2025-08-07,3637.781,3645.117,3622.522,3639.667,53550120200
2025-08-08,3634.855,3645.367,3625.451,3635.128,52640757200
2025-08-11,3637.053,3656.852,3629.627,3647.547,55139334800
2025-08-12,3647.963,3669.038,3647.963,3665.918,53662373900
2025-08-13,3668.658,3688.628,3666.547,3683.465,61352888400
2025-08-14,3685.522,3704.772,3662.57,3666.443,64782958700
2025-08-15,3659.815,3702.255,3658.376,3696.771,67852170300
2025-08-18,3712.495,3745.939,3702.38,3728.027,77601666900
2025-08-19,3728.485,3746.669,3718.147,3727.288,69609975000
2025-08-20,3716.685,3767.43,3704.991,3766.21,67983642600
2025-08-21,3770.676,3787.981,3757.992,3771.099,69155295900
2025-08-22,3772.277,3825.759,3772.277,3825.759,69813627700
2025-08-25,3848.163,3883.562,3839.972,3883.562,88547480200
2025-08-26,3871.471,3888.599,3859.758,3868.382,73456530500
2025-08-27,3869.612,3887.198,3800.35,3800.35,85863349900
2025-08-28,3796.711,3845.087,3761.422,3843.597,78835194700
2025-08-29,3842.823,3867.606,3839.206,3857.927,73946236600
2025-09-01,3869.746,3879.045,3853.658,3875.53,74770953600
2025-09-02,3877.086,3885.315,3828.678,3858.133,76261883300
2025-09-03,3865.286,3868.388,3794.884,3813.557,64566851000
2025-09-04,3807.757,3808.396,3732.84,3765.876,71022793300
2025-09-05,3761.88,3817.159,3745.309,3812.514,62622338000
2025-09-08,3811.669,3833.143,3803.603,3826.841,66006689800
2025-09-09,3816.657,3834.671,3791.724,3807.292,60023938000
2025-09-10,3806.584,3826.996,3794.057,3812.221,53453982500
2025-09-11,3806.056,3875.309,3796.435,3875.309,61701293000
2025-09-12,3875.507,3892.738,3866.539,3870.598,70064178400
2025-09-15,3876.097,3879.737,3855.973,3860.504,64479394400
2025-09-16,3865.98,3876.69,3838.648,3861.865,67343972300
2025-09-17,3854.073,3882.669,3848.946,3876.341,66343471300
2025-09-18,3876.059,3899.959,3800.995,3831.656,87602738900
2025-09-19,3830.444,3843.17,3811.903,3820.089,68229261300
2025-09-22,3822.01,3831.74,3806.202,3828.576,56832568600
2025-09-23,3830.138,3838.606,3774.528,3821.833,70190286800
2025-09-24,3804.483,3854.923,3804.328,3853.642,60205667000
2025-09-25,3852.431,3866.106,3840.459,3853.302,58995053100
2025-09-26,3839.855,3856.606,3828.106,3828.106,55127533500
2025-09-29,3828.166,3881.002,3809.535,3862.532,60846639900
2025-09-30,3869.705,3887.57,3866.281,3882.777,56973463100
2025-10-09,3898.307,3936.576,3885.744,3933.972,72521850100
2025-10-10,3915.475,3933.005,3886.305,3897.028,71891767300
2025-10-13,3800.106,3895.83,3800.106,3889.502,70950610100
2025-10-14,3910.783,3918.436,3851.121,3865.229,80083963100
2025-10-15,3867.536,3912.291,3857.667,3912.21,64501295500
2025-10-16,3900.683,3931.05,3899.167,3916.228,59545149100
2025-10-17,3912.04,3921.065,3835.365,3839.755,61756301800
2025-10-20,3865.552,3877.722,3850.367,3863.893,54926171200
2025-10-21,3870.749,3919.318,3868.145,3916.332,59941571300
2025-10-22,3896.074,3918.592,3893.325,3913.758,54311734400
2025-10-23,3904.159,3926.217,3877.529,3922.41,56518926400
2025-10-24,3929.115,3950.312,3928.96,3950.312,56785844300
2025-10-27,3969.22,3999.067,3963.102,3996.945,63758954500
2025-10-28,3986.891,4010.728,3976.833,3988.224,57735768400
2025-10-29,3990.266,4016.331,3986.941,4016.331,61291746600
2025-10-30,4007.821,4025.705,3984.828,3986.901,66848560900
2025-10-31,3985.064,3986.743,3951.731,3954.79,67561540600
2025-11-03,3954.078,3977.305,3937.022,3976.521,64124594500
2025-11-04,3973.458,3985.882,3938.52,3960.186,61549379200
2025-11-05,3922.584,3979.754,3922.584,3969.248,61499161800
2025-11-06,3973.349,4008.799,3973.349,4007.76,62736754700
2025-11-07,3994.317,4012.005,3993.691,3997.556,59650703400
2025-11-10,4001.794,4018.696,3990.836,4018.597,63404999300
2025-11-11,4023.877,4024.939,3991.516,4002.758,58199492100
2025-11-12,3996.565,4020.378,3980.676,4000.14,58619322800
2025-11-13,3996.514,4030.398,3994.771,4029.501,61303106100
2025-11-14,4007.126,4034.079,3990.307,3990.492,62201711800
2025-11-17,3988.556,3992.404,3958.948,3972.035,59201795000
2025-11-18,3962.444,3966.885,3926.589,3939.813,59441104600
2025-11-19,3937.92,3960.052,3930.075,3946.742,53114960100
2025-11-20,3960.699,3967.971,3927.512,3931.051,53474954000
2025-11-21,3896.665,3912.006,3834.749,3834.891,63164625100
2025-11-24,3848.657,3854.331,3816.576,3836.766,50460171600
2025-11-25,3850.571,3882.03,3845.138,3870.023,47872761100
2025-11-26,3867.429,3879.923,3861.177,3864.184,45758975500
2025-11-27,3867.197,3895.589,3864.131,3875.259,44402194700
2025-11-28,3870.944,3888.889,3856.25,3888.596,44993197300
2025-12-01,3894.213,3914.464,3890.949,3914.006,53755413300
2025-12-02,3908.456,3908.769,3888.328,3897.712,45558449400
2025-12-03,3894.156,3901.696,3869.953,3878.0,48561727000
2025-12-04,3879.742,3888.86,3859.049,3875.793,44504029000
2025-12-05,3873.121,3907.782,3863.314,3902.808,50036876800
2025-12-08,3909.226,3936.311,3904.738,3924.078,54734978900
2025-12-09,3916.509,3923.899,3902.128,3909.522,52453825600
2025-12-10,3901.128,3906.116,3876.475,3900.496,49733150400
2025-12-11,3903.895,3904.963,3862.821,3873.318,52565860000
2025-12-12,3869.413,3891.807,3850.597,3889.346,57394713000
2025-12-15,3865.402,3896.977,3863.63,3867.921,50092279000
2025-12-16,3861.515,3862.427,3815.844,3824.812,51249482700
2025-12-17,3822.509,3881.752,3817.996,3870.278,51231369200
2025-12-18,3857.257,3888.285,3856.423,3876.371,46117262500
2025-12-19,3878.227,3902.671,3871.777,3890.448,51351189300
2025-12-22,3900.535,3920.012,3900.515,3917.364,52293899200
2025-12-23,3919.106,3937.127,3910.745,3919.979,52115695200
2025-12-24,3920.347,3947.041,3912.311,3940.947,47489644700
2025-12-25,3937.72,3964.073,3936.078,3959.621,46931309300
2025-12-26,3957.833,3977.706,3945.524,3963.679,55548959200
2025-12-29,3964.651,3983.979,3956.946,3965.28,56368719700
2025-12-30,3947.871,3979.99,3947.419,3965.116,52593258800
2025-12-31,3968.726,3977.536,3955.487,3968.84,49075149000
2026-01-05,3986.972,4025.263,3983.576,4023.417,59695045500
2026-01-06,4026.016,4083.667,4025.088,4083.667,70247227000
2026-01-07,4083.843,4098.777,4069.436,4085.772,68338435200
2026-01-08,4077.715,4093.872,4067.122,4082.979,66613133700
2026-01-09,4086.762,4121.723,4083.616,4120.426,72983798500
2026-01-12,4134.893,4168.357,4119.879,4165.287,83945608900
2026-01-13,4169.704,4179.702,4126.234,4138.759,86838271700
2026-01-14,4138.645,4190.866,4103.621,4126.093,95255128900
2026-01-15,4106.224,4133.073,4096.85,4112.601,68025079100
2026-01-16,4127.063,4140.225,4091.811,4101.913,76358846500
2026-01-19,4090.719,4126.518,4090.057,4114.0,68890587000
2026-01-20,4116.366,4128.93,4080.294,4113.649,73436249600
2026-01-21,4103.529,4135.959,4103.529,4116.94,66698950700
2026-01-22,4126.072,4140.838,4109.923,4122.576,70969540900
2026-01-23,4130.108,4143.75,4120.204,4136.164,78211545400
2026-01-26,4144.778,4160.985,4124.7,4132.605,88743973100
2026-01-27,4125.216,4158.802,4101.83,4139.904,75499086900
2026-01-28,4150.215,4170.147,4138.019,4151.238,82302674800
2026-01-29,4155.919,4170.214,4138.299,4157.985,90590837100
2026-01-30,4131.993,4152.85,4064.777,4117.948,80434274600
2026-02-02,4079.708,4103.407,4013.656,4015.746,73295369800
2026-02-03,4043.906,4069.418,4002.782,4067.738,63768424900
2026-02-04,4064.677,4104.621,4062.683,4102.202,67425424400
2026-02-05,4075.025,4088.904,4048.939,4075.917,59672223600
2026-02-06,4040.299,4095.03,4029.973,4065.583,55670980100
2026-02-09,4103.54,4123.159,4093.056,4123.09,57263258200
2026-02-10,4127.766,4134.338,4117.564,4128.373,52462096900
2026-02-11,4124.428,4142.561,4122.428,4131.985,50068527800
2026-02-12,4136.99,4140.593,4124.131,4134.018,52937011600
2026-02-13,4115.924,4123.844,4079.77,4082.073,50079947200
2026-02-24,4129.134,4131.55,4105.937,4117.409,56632224900
2026-02-25,4123.781,4167.844,4122.699,4147.231,72478721400
2026-02-26,4151.068,4152.193,4127.153,4146.631,65170282600
2026-02-27,4128.897,4166.234,4128.36,4162.882,68204764600
2026-03-02,4151.801,4188.77,4131.368,4182.591,86157921800
2026-03-03,4189.408,4197.228,4116.011,4122.676,92113917000
2026-03-04,4087.632,4106.04,4055.413,4082.474,76516953100
2026-03-05,4109.777,4125.617,4090.621,4108.567,68974653500
2026-03-06,4085.895,4129.465,4085.895,4124.194,64676576000
2026-03-09,4098.699,4106.534,4052.545,4096.602,79780355600
2026-03-10,4098.587,4123.958,4098.587,4123.138,67492219400
2026-03-11,4123.666,4135.839,4112.8,4133.433,70772716900
2026-03-12,4133.2,4141.649,4103.164,4129.103,78615118200
2026-03-13,4117.574,4134.079,4086.847,4095.449,79205476400
2026-03-16,4092.249,4096.133,4048.087,4084.786,73222709800
2026-03-17,4086.295,4108.4,4049.58,4049.907,67877122400
2026-03-18,4053.305,4065.373,4023.03,4062.984,62387310200
2026-03-19,4028.542,4042.022,3994.165,4006.552,66725542200
2026-03-20,4004.573,4022.703,3955.711,3957.053,66679838700
2026-03-23,3904.951,3906.622,3794.684,3813.283,80473885000
2026-03-24,3849.631,3881.424,3807.994,3881.28,68062203900
2026-03-25,3892.269,3933.061,3891.816,3931.838,68834362600
2026-03-26,3924.962,3937.104,3880.573,3889.084,61597398100
2026-03-27,3852.094,3924.108,3852.094,3913.724,56134296300
2026-03-30,3884.277,3924.289,3872.776,3923.287,59558947900
2026-03-31,3924.067,3948.811,3891.861,3891.861,60670498300
2026-04-01,3939.566,3955.943,3929.921,3948.552,56461159800
2026-04-02,3940.799,3952.576,3900.116,3919.285,54421283500
2026-04-03,3927.592,3929.529,3871.3,3880.097,49269908200
2026-04-07,3884.151,3902.607,3875.684,3890.165,47361507600
2026-04-08,3930.251,3994.998,3926.249,3994.998,64413535200
2026-04-09,3967.63,3979.127,3955.246,3966.171,54156980100
2026-04-10,3985.464,4011.024,3979.814,3986.225,54641554100
2026-04-13,3971.199,3991.262,3966.198,3988.558,54578176800
2026-04-14,4006.727,4026.626,3992.407,4026.626,57025900300
2026-04-15,4039.471,4050.621,4020.904,4027.21,56945858900
2026-04-16,4030.138,4057.831,4028.909,4055.547,54587696700
2026-04-17,4043.381,4058.604,4038.429,4051.425,54879140600
2026-04-20,4053.375,4083.19,4051.685,4082.127,58984137900
2026-04-21,4075.845,4086.637,4062.133,4085.077,57668945000
2026-04-22,4074.813,4106.844,4074.68,4106.258,58246634600
2026-04-23,4110.788,4114.844,4070.46,4093.25,67116609200
2026-04-24,4081.033,4092.613,4061.145,4079.9,60503179800
2026-04-27,4074.811,4092.831,4071.08,4086.344,58995086700
2026-04-28,4076.143,4090.201,4062.872,4078.637,60050749800
2026-04-29,4061.822,4112.152,4061.822,4107.514,61422145100
2026-04-30,4107.297,4118.755,4100.966,4112.159,65691272800
2026-05-06,4135.451,4166.147,4129.911,4160.174,70117748000
2026-05-07,4168.447,4180.21,4163.137,4180.092,68557424900
2026-05-08,4163.854,4183.063,4154.246,4179.952,69701909400
2026-05-11,4201.347,4229.58,4186.082,4225.021,76273628700
2026-05-12,4229.283,4230.184,4199.344,4214.489,71898400200
2026-05-13,4192.315,4245.068,4192.315,4242.572,70501873900
2026-05-14,4256.157,4258.863,4177.918,4177.918,76423500400
2026-05-15,4174.175,4191.807,4114.086,4135.389,73316235700
2026-05-18,4120.14,4145.661,4108.604,4131.528,62723313700
2026-05-19,4122.961,4170.289,4107.994,4169.538,61761106700
2026-05-20,4152.698,4169.847,4139.974,4162.185,62415203500
2026-05-21,4174.377,4199.527,4074.217,4077.277,72721870100
2026-05-22,4096.172,4120.088,4067.747,4112.9,58945964400
2026-05-25,4126.338,4153.879,4119.8,4152.569,61593086100
2026-05-26,4137.32,4150.289,4104.459,4145.373,65477775600
2026-05-27,4138.805,4153.561,4077.616,4093.727,66046739900
2026-05-28,4080.304,4110.782,4055.828,4098.636,62117995000
2026-05-29,4110.521,4112.955,4055.886,4068.569,73159771000
2026-06-01,4067.158,4093.041,4045.69,4057.74,67602580600
2026-06-02,4061.463,4089.575,4032.583,4075.102,64224465600
2026-06-03,4068.341,4107.046,4059.907,4083.974,66845258300
2026-06-04,4053.67,4080.718,4043.433,4057.781,62119477400
2026-06-05,4044.829,4078.932,4015.063,4027.736,66291857700
2026-06-08,3938.709,4007.493,3927.853,3959.338,65929355500
2026-06-09,3977.539,4010.872,3955.908,4010.031,57657009000
2026-06-10,3985.124,4006.313,3963.442,3993.226,59869473900
